from_pkg	kind	target	to_pkg	confidence
Cython	import	lxml	python-lxml	guess
Cython	import	numpy	python-numpy	guess
Cython	import	pygments	python-pygments	guess
GConf	import	lxml	python-lxml	guess
Mako	import	babel	python-babel	guess
Mako	import	markupsafe	python-MarkupSafe	guess
Mako	import	pygments	python-pygments	guess
NetworkManager	dlopen	libnvme.so.1	libnvme	guess
NetworkManager	exec	/usr/bin/dnsmasq	dnsmasq	guess
NetworkManager	exec	/usr/bin/nft	nftables	guess
NetworkManager	exec	/usr/bin/pppd	ppp	guess
NetworkManager-openvpn	exec	/usr/bin/openvpn	openvpn	guess
PyQt-builder	build	sipbuild	sip	guess
PyQt-builder	import	packaging	python-packaging	guess
PyQt5	import	PyQt5	PyQt5_sip	guess
PyQt6	import	PyQt6	PyQt6_sip	guess
SDL2	dlopen	libEGL.so.1	libglvnd	guess
SDL2	dlopen	libGL.so.1	libglvnd	guess
SDL2	dlopen	libGLESv1_CM.so.1	libglvnd	guess
SDL2	dlopen	libGLESv2.so.2	libglvnd	guess
SDL2	dlopen	libOpenGL.so.0	libglvnd	guess
SDL2	dlopen	libX11-xcb.so.1	libX11	guess
SDL2	dlopen	libX11.so.6	libX11	guess
SDL2	dlopen	libXcursor.so.1	libXcursor	guess
SDL2	dlopen	libXext.so.6	libXext	guess
SDL2	dlopen	libXfixes.so.3	libXfixes	guess
SDL2	dlopen	libXi.so.6	libXi	guess
SDL2	dlopen	libXrandr.so.2	libXrandr	guess
SDL2	dlopen	libXss.so.1	libXScrnSaver	guess
SDL2	dlopen	libasound.so.2	aaa_libraries	guess
SDL2	dlopen	libdbus-1.so.3	dbus	guess
SDL2	dlopen	libdrm.so.2	libdrm	guess
SDL2	dlopen	libesd.so.0	esound	guess
SDL2	dlopen	libgbm.so.1	mesa	guess
SDL2	dlopen	libpipewire-0.3.so.0	pipewire	guess
SDL2	dlopen	libpulse.so.0	pulseaudio	guess
SDL2	dlopen	libsamplerate.so.0	libsamplerate	guess
SDL2	dlopen	libudev.so.1	aaa_libraries	guess
SDL2	dlopen	libvulkan.so.1	vulkan-sdk	guess
SDL2	dlopen	libwayland-client.so.0	wayland	guess
SDL2	dlopen	libwayland-cursor.so.0	wayland	guess
SDL2	dlopen	libwayland-egl.so.1	wayland	guess
SDL2	dlopen	libxkbcommon.so.0	aaa_libraries	guess
SDL2_mixer	dlopen	libfluidsynth.so.3	fluidsynth	guess
SDL2_mixer	dlopen	libopusfile.so.0	opusfile	guess
SDL2_mixer	dlopen	libwavpack.so.1	wavpack	guess
SDL3	dlopen	libEGL.so.1	libglvnd	guess
SDL3	dlopen	libGL.so.1	libglvnd	guess
SDL3	dlopen	libGLESv1_CM.so.1	libglvnd	guess
SDL3	dlopen	libGLESv2.so.2	libglvnd	guess
SDL3	dlopen	libOpenGL.so.0	libglvnd	guess
SDL3	dlopen	libX11-xcb.so.1	libX11	guess
SDL3	dlopen	libX11.so.6	libX11	guess
SDL3	dlopen	libXcursor.so.1	libXcursor	guess
SDL3	dlopen	libXext.so.6	libXext	guess
SDL3	dlopen	libXfixes.so.3	libXfixes	guess
SDL3	dlopen	libXi.so.6	libXi	guess
SDL3	dlopen	libXrandr.so.2	libXrandr	guess
SDL3	dlopen	libXss.so.1	libXScrnSaver	guess
SDL3	dlopen	libXtst.so.6	libXtst	guess
SDL3	dlopen	libappindicator3.so.1	libappindicator	guess
SDL3	dlopen	libasound.so.2	aaa_libraries	guess
SDL3	dlopen	libdbus-1.so.3	dbus	guess
SDL3	dlopen	libdecor-0.so.0	libdecor	guess
SDL3	dlopen	libdrm.so.2	libdrm	guess
SDL3	dlopen	libfribidi.so.0	fribidi	guess
SDL3	dlopen	libgbm.so.1	mesa	guess
SDL3	dlopen	libgdk-3.so.0	gtk+3	guess
SDL3	dlopen	libgtk-3.so.0	gtk+3	guess
SDL3	dlopen	libjack.so.0	pipewire	guess
SDL3	dlopen	libpipewire-0.3.so.0	pipewire	guess
SDL3	dlopen	libpulse.so.0	pulseaudio	guess
SDL3	dlopen	libudev.so.1	aaa_libraries	guess
SDL3	dlopen	liburing-ffi.so.2	liburing	guess
SDL3	dlopen	libusb-1.0.so.0	aaa_libraries	guess
SDL3	dlopen	libvulkan.so.1	vulkan-sdk	guess
SDL3	dlopen	libwayland-client.so.0	wayland	guess
SDL3	dlopen	libwayland-cursor.so.0	wayland	guess
SDL3	dlopen	libwayland-egl.so.1	wayland	guess
SDL3	dlopen	libxkbcommon.so.0	aaa_libraries	guess
aaa_glibc-solibs	dlopen	libgcc_s.so.1	aaa_libraries	guess
aaa_glibc-solibs	dlopen	libidn2.so.0	aaa_libraries	guess
aaa_libraries	dlopen	libvulkan.so.1	vulkan-sdk	guess
accountsservice	exec	/usr/bin/chage	shadow	guess
accountsservice	exec	/usr/bin/chpasswd	shadow	guess
accountsservice	exec	/usr/bin/passwd	shadow	guess
accountsservice	exec	/usr/bin/useradd	shadow	guess
accountsservice	exec	/usr/bin/userdel	shadow	guess
accountsservice	exec	/usr/bin/usermod	shadow	guess
alpine	exec	/usr/bin/hunspell	hunspell	guess
alpine	exec	/usr/bin/rsh	netkit-rsh	guess
alpine	exec	/usr/bin/sendmail	postfix	guess
argon2	dlopen	libargon2.so.1	aaa_libraries	guess
at	exec	/usr/bin/sendmail	postfix	guess
at-spi2-core	exec	/usr/bin/dbus-daemon	dbus	guess
autofs	dlopen	libxml2.so.2	aaa_libraries	guess
avahi	dlopen	libnss_mdns.so.2	nss-mdns	guess
avahi	dlopen	libnss_mdns4.so.2	nss-mdns	guess
avahi	dlopen	libnss_mdns6.so.2	nss-mdns	guess
avahi	import	dbus	dbus-python	guess
avahi	import	gi	pygobject3	guess
bison	exec	/usr/bin/m4	m4	guess
blueman	exec	/usr/bin/pppd	ppp	guess
blueman	import	cairo	pycairo	guess
blueman	import	gi	pygobject3	guess
bluez	exec	/usr/bin/dbus-daemon	dbus	guess
bluez	exec	/usr/bin/pipewire	pipewire	guess
bsd-finger	exec	/usr/bin/uptime	procps-ng	guess
bsd-games	exec	/usr/bin/less	less	guess
c-ares	dlopen	libcares.so.2	aaa_libraries	guess
compiz	exec	/usr/bin/xfwm4	xfwm4	guess
cups	dlopen	libcupsimage.so.2	aaa_libraries	guess
cups	exec	/usr/bin/sendmail	postfix	guess
dbus-python	import	gi	pygobject3	guess
dcron	exec	/usr/bin/sendmail	postfix	guess
dmapi	dlopen	libdm.so.0	aaa_libraries	guess
dovecot	exec	/usr/bin/ntlm_auth	samba	guess
dovecot	exec	/usr/bin/sendmail	postfix	guess
e2fsprogs	dlopen	libarchive.so.13	libarchive	guess
e2fsprogs	dlopen	libmagic.so.1	file	guess
elm	exec	/usr/bin/ispell	ispell	guess
elm	exec	/usr/bin/sendmail	postfix	guess
elogind	exec	/usr/bin/pkttyagent	polkit	guess
eudev	dlopen	libudev.so.1	aaa_libraries	guess
ffmpeg	dlopen	libvulkan.so.1	vulkan-sdk	guess
flex	exec	/usr/bin/m4	m4	guess
freecell-solver	import	pysol_cards	python-pysol_cards	guess
freerdp	dlopen	libpcsclite.so.1	pcsc-lite	guess
freerdp	dlopen	opensc-pkcs11.so	opensc	guess
fuse	dlopen	libfuse.so.2	aaa_libraries	guess
fvwm	exec	/usr/bin/cpp	gcc	guess
fvwm	import	xdg	pyxdg	guess
gcc	dlopen	libatomic.so.1	aaa_libraries	guess
gcc	dlopen	libgomp.so.1	aaa_libraries	guess
gcc-g++	dlopen	liblto_plugin.so	gcc	guess
gcc-g++	dlopen	libstdc++.so.6	aaa_libraries	guess
gcc-gcobol	dlopen	liblto_plugin.so	gcc	guess
gcc-gdc	dlopen	libcurl.so.4	aaa_libraries	guess
gcc-gdc	dlopen	liblto_plugin.so	gcc	guess
gcc-gfortran	dlopen	liblto_plugin.so	gcc	guess
gcc-gm2	dlopen	liblto_plugin.so	gcc	guess
gcc-go	dlopen	liblto_plugin.so	gcc	guess
gcc-rust	dlopen	liblto_plugin.so	gcc	guess
gcr	exec	/usr/bin/ssh-add	openssh	guess
gcr	exec	/usr/bin/ssh-agent	openssh	guess
gcr4	exec	/usr/bin/ssh-add	openssh	guess
gcr4	exec	/usr/bin/ssh-agent	openssh	guess
gdb	dlopen	libthread_db.so.1	aaa_glibc-solibs	guess
gegl	dlopen	libGL.so.1	libglvnd	guess
gegl	dlopen	libOpenCL.so.1	ocl-icd	guess
gi-docgen	import	jinja2	python-Jinja2	guess
gi-docgen	import	markdown	python-markdown	guess
gi-docgen	import	markupsafe	python-MarkupSafe	guess
gi-docgen	import	packaging	python-packaging	guess
gi-docgen	import	pygments	python-pygments	guess
gi-docgen	import	typogrify	python-typogrify	guess
gimp	import	gi	pygobject3	guess
git	use	SVN::Client	subversion	guess
git	use	SVN::Core	subversion	guess
git	use	SVN::Delta	subversion	guess
git	use	SVN::Ra	subversion	guess
glib2	dlopen	libgthread-2.0.so.0	aaa_libraries	guess
glibc	dlopen	libBrokenLocale.so.1	aaa_glibc-solibs	guess
glibc	dlopen	libanl.so.1	aaa_glibc-solibs	guess
glibc	dlopen	libc_malloc_debug.so.0	aaa_glibc-solibs	guess
glibc	dlopen	libcrypt.so.1	aaa_glibc-solibs	guess
glibc	dlopen	libcrypt.so.2	aaa_glibc-solibs	guess
glibc	dlopen	libdl.so.2	aaa_glibc-solibs	guess
glibc	dlopen	libgcc_s.so.1	aaa_libraries	guess
glibc	dlopen	libidn2.so.0	aaa_libraries	guess
glibc	dlopen	libmemusage.so	aaa_glibc-solibs	guess
glibc	dlopen	libmvec.so.1	aaa_glibc-solibs	guess
glibc	dlopen	libnsl.so.1	aaa_glibc-solibs	guess
glibc	dlopen	libnss_compat.so.2	aaa_glibc-solibs	guess
glibc	dlopen	libnss_db.so.2	aaa_glibc-solibs	guess
glibc	dlopen	libnss_dns.so.2	aaa_glibc-solibs	guess
glibc	dlopen	libnss_hesiod.so.2	aaa_glibc-solibs	guess
glibc	dlopen	libpcprofile.so	aaa_glibc-solibs	guess
glibc	dlopen	libpthread.so.0	aaa_glibc-solibs	guess
glibc	dlopen	librt.so.1	aaa_glibc-solibs	guess
glibc	dlopen	libthread_db.so.1	aaa_glibc-solibs	guess
glibc	dlopen	libutil.so.1	aaa_glibc-solibs	guess
glibc-profile	dlopen	ld-linux-x86-64.so.2	aaa_glibc-solibs	guess
glibc-profile	dlopen	libc.so.6	aaa_glibc-solibs	guess
glibc-profile	dlopen	libidn2.so.0	aaa_libraries	guess
glibc-profile	dlopen	libnss_files.so.2	aaa_glibc-solibs	guess
gmp	dlopen	libgmpxx.so.4	aaa_libraries	guess
gnome-keyring	exec	/usr/bin/ssh-add	openssh	guess
gnome-keyring	exec	/usr/bin/ssh-agent	openssh	guess
gnupg	dlopen	libpcsclite.so.1	pcsc-lite	guess
gnupg2	dlopen	libpcsclite.so.1	pcsc-lite	guess
gnupg2	exec	/usr/bin/fuser	procps-ng	guess
gnutls	dlopen	libbrotlidec.so.1	brotli	guess
gnutls	dlopen	libbrotlienc.so.1	brotli	guess
gnutls	dlopen	libz.so.1	aaa_libraries	guess
gnutls	dlopen	libzstd.so.1	aaa_libraries	guess
gobject-introspection	dlopen	libcairo-gobject.so.2	cairo	guess
gobject-introspection	import	mako	Mako	guess
gobject-introspection	import	markdown	python-markdown	guess
groff	use	Image::Magick	imagemagick	guess
gst-plugins-base	dlopen	libGL.so.1	libglvnd	guess
gst-plugins-base	dlopen	libGLESv2.so.2	libglvnd	guess
gst-plugins-good	dlopen	libjack.so.0	pipewire	guess
gst-plugins-good	dlopen	libsoup-2.4.so.1	libsoup	guess
gst-plugins-good	dlopen	libsoup-3.0.so.0	libsoup3	guess
gutenprint	exec	/usr/bin/cupsd	cups	guess
gutenprint	exec	/usr/bin/lp	cups	guess
gutenprint	exec	/usr/bin/lpc	cups	guess
gutenprint	exec	/usr/bin/lpr	cups	guess
gyp	import	importlib_metadata	python-importlib_metadata	guess
hexchat	dlopen	libenchant-2.so.2	enchant	guess
hplip	import	dbus	dbus-python	guess
htdig	exec	/usr/bin/sendmail	postfix	guess
htop	dlopen	libnl-3.so.200	libnl3	guess
htop	dlopen	libnl-genl-3.so.200	libnl3	guess
htop	dlopen	libsensors.so.5	lm_sensors	guess
icecream	exec	/usr/bin/as	binutils	guess
igt-gpu-tools	exec	/usr/bin/llvm-mc	llvm	guess
intel-media-driver	dlopen	libX11.so.6	libX11	guess
intel-media-driver	dlopen	libva-x11.so.2	libva	guess
intel-vaapi-driver	dlopen	libva-x11.so.2	libva	guess
isl	dlopen	libisl.so.23	aaa_libraries	guess
itstool	import	libxml2	libxml2	guess
json-c	dlopen	libjson-c.so.5	aaa_libraries	guess
kapidox	import	gv	graphviz	guess
kapidox	import	importlib_metadata	python-importlib_metadata	guess
kapidox	import	jinja2	python-Jinja2	guess
kapidox	import	requests	python-requests	guess
kapidox	import	yaml	python-PyYAML	guess
kbd	dlopen	libbz2.so.1	aaa_libraries	guess
kbd	dlopen	liblzma.so.5	aaa_libraries	guess
kbd	dlopen	libz.so.1	aaa_libraries	guess
kbd	dlopen	libzstd.so.1	aaa_libraries	guess
kernel-firmware	dlopen	libc++.so.1	llvm	guess
kernel-firmware	dlopen	libc++abi.so.1	llvm	guess
kinit5	dlopen	libKF5Parts.so.5	kparts5	guess
kinit5	dlopen	libKF5Plasma.so.5	plasma-framework5	guess
krb5	dlopen	opensc-pkcs11.so	opensc	guess
krita	import	PyQt5	PyQt5_sip	guess
krita	import	PyQt6	PyQt6_sip	guess
ksh93	exec	/usr/bin/getconf	glibc	guess
kstars	exec	/usr/bin/indiserver	libindi	guess
kwallet-pam	exec	/usr/bin/ksecretd	kwallet	guess
libX11	dlopen	libXcursor.so.1	libXcursor	guess
libXpm	exec	/usr/bin/compress	ncompress	guess
libaio	dlopen	libaio.so.1	aaa_libraries	guess
libblockdev	import	bytesize	libbytesize	guess
libblockdev	import	gi	pygobject3	guess
libdbusmenu	import	dbus	dbus-python	guess
libepoxy	dlopen	libEGL.so.1	libglvnd	guess
libepoxy	dlopen	libGL.so.1	libglvnd	guess
libepoxy	dlopen	libGLESv1_CM.so.1	libglvnd	guess
libepoxy	dlopen	libGLESv2.so.2	libglvnd	guess
libepoxy	dlopen	libOpenGL.so.0	libglvnd	guess
libffi	dlopen	libffi.so.8	aaa_libraries	guess
libgccjit	dlopen	liblto_plugin.so	gcc	guess
libgtop	exec	/usr/bin/ssh	openssh	guess
libinput	import	yaml	python-PyYAML	guess
libmpc	dlopen	libmpc.so.3	aaa_libraries	guess
libnsl	dlopen	libnsl.so.3	aaa_libraries	guess
libplacebo	dlopen	libEGL.so.1	libglvnd	guess
libplacebo	dlopen	libGL.so.1	libglvnd	guess
libplacebo	dlopen	libGLESv2.so.2	libglvnd	guess
libppd	exec	/usr/bin/pdftops	poppler	guess
libsigsegv	dlopen	libsigsegv.so.2	aaa_libraries	guess
libsoup	exec	/usr/bin/ntlm_auth	samba	guess
libsoup3	exec	/usr/bin/ntlm_auth	samba	guess
libssh2	dlopen	libssh2.so.1	aaa_libraries	guess
libtiff	dlopen	libtiffxx.so.6	aaa_libraries	guess
libtirpc	dlopen	libtirpc.so.3	aaa_libraries	guess
libtool	dlopen	libltdl.so.7	aaa_libraries	guess
libunistring	dlopen	libunistring.so.5	aaa_libraries	guess
libusb	dlopen	libusb-1.0.so.0	aaa_libraries	guess
libusb-compat	dlopen	libusb-0.1.so.4	aaa_libraries	guess
libusb-compat	dlopen	libusb-1.0.so.0	aaa_libraries	guess
libxklavier	exec	/usr/bin/xkbcomp	xkbcomp	guess
libxml2	import	libxslt	libxslt	guess
libxslt	import	libxml2	libxml2	guess
linuxdoc-tools	import	libxml2	libxml2	guess
llvm	dlopen	ld-linux.so.2	aaa_glibc-solibs	guess
llvm	exec	/usr/bin/as	binutils	guess
llvm	import	yaml	python-PyYAML	guess
lynx	exec	/usr/bin/brotli	brotli	guess
lynx	exec	/usr/bin/compress	ncompress	guess
lynx	exec	/usr/bin/groff	groff	guess
lynx	exec	/usr/bin/man2html	man-db	guess
lynx	exec	/usr/bin/msgfmt	gettext-tools	guess
lynx	exec	/usr/bin/msginit	gettext-tools	guess
lynx	exec	/usr/bin/nroff	groff	guess
lynx	exec	/usr/bin/rlogin	netkit-rsh	guess
lynx	exec	/usr/bin/sendmail	postfix	guess
lynx	exec	/usr/bin/tbl	groff	guess
lynx	exec	/usr/bin/unzip	infozip	guess
lynx	exec	/usr/bin/uudecode	sharutils	guess
lynx	exec	/usr/bin/windres	binutils	guess
lynx	exec	/usr/bin/xgettext	gettext-tools	guess
lynx	exec	/usr/bin/zip	infozip	guess
lynx	exec	/usr/bin/zstd	zstd	guess
mc	dlopen	libX11.so.6	libX11	guess
mercurial	import	attr	python-attrs	guess
mercurial	import	certifi	python-certifi	guess
mercurial	import	cffi	python-cffi	guess
mercurial	import	future	python-future	guess
mercurial	import	pygments	python-pygments	guess
mesa	dlopen	libvulkan.so.1	vulkan-sdk	guess
meson	import	importlib_metadata	python-importlib_metadata	guess
meson-python	import	packaging	python-packaging	guess
meson-python	import	pyproject_metadata	python-pyproject_metadata	guess
mm	dlopen	libmm.so.14	aaa_libraries	guess
mozilla-firefox	dlopen	libEGL.so.1	libglvnd	guess
mozilla-firefox	dlopen	libGL.so.1	libglvnd	guess
mozilla-firefox	dlopen	libGLESv2.so.2	libglvnd	guess
mozilla-firefox	dlopen	libICE.so.6	libICE	guess
mozilla-firefox	dlopen	libSM.so.6	libSM	guess
mozilla-firefox	dlopen	libXss.so.1	libXScrnSaver	guess
mozilla-firefox	dlopen	libatk-bridge-2.0.so.0	at-spi2-core	guess
mozilla-firefox	dlopen	libavcodec.so.61	aaa_libraries	guess
mozilla-firefox	dlopen	libavcodec.so.62	ffmpeg	guess
mozilla-firefox	dlopen	libcanberra.so.0	libcanberra	guess
mozilla-firefox	dlopen	libcurl.so.4	aaa_libraries	guess
mozilla-firefox	dlopen	libdbusmenu-glib.so.4	libdbusmenu	guess
mozilla-firefox	dlopen	libdbusmenu-gtk3.so.4	libdbusmenu	guess
mozilla-firefox	dlopen	libdl.so.2	aaa_glibc-solibs	guess
mozilla-firefox	dlopen	libdrm.so.2	libdrm	guess
mozilla-firefox	dlopen	libfreeblpriv3.so	mozilla-nss	guess
mozilla-firefox	dlopen	libgbm.so.1	mesa	guess
mozilla-firefox	dlopen	libgssapi_krb5.so.2	aaa_libraries	guess
mozilla-firefox	dlopen	libnotify.so.4	libnotify	guess
mozilla-firefox	dlopen	libpci.so.3	pciutils	guess
mozilla-firefox	dlopen	libpipewire-0.3.so.0	pipewire	guess
mozilla-firefox	dlopen	libpthread.so.0	aaa_glibc-solibs	guess
mozilla-firefox	dlopen	libpulse.so.0	pulseaudio	guess
mozilla-firefox	dlopen	librt.so.1	aaa_glibc-solibs	guess
mozilla-firefox	dlopen	libsecret-1.so.0	libsecret	guess
mozilla-firefox	dlopen	libspeechd.so.2	speech-dispatcher	guess
mozilla-firefox	dlopen	libudev.so.1	aaa_libraries	guess
mozilla-firefox	dlopen	libva-drm.so.2	libva	guess
mozilla-firefox	dlopen	libva.so.2	libva	guess
mozilla-thunderbird	dlopen	libEGL.so.1	libglvnd	guess
mozilla-thunderbird	dlopen	libGL.so.1	libglvnd	guess
mozilla-thunderbird	dlopen	libGLESv2.so.2	libglvnd	guess
mozilla-thunderbird	dlopen	libICE.so.6	libICE	guess
mozilla-thunderbird	dlopen	libSM.so.6	libSM	guess
mozilla-thunderbird	dlopen	libXss.so.1	libXScrnSaver	guess
mozilla-thunderbird	dlopen	libatk-bridge-2.0.so.0	at-spi2-core	guess
mozilla-thunderbird	dlopen	libavcodec.so.61	aaa_libraries	guess
mozilla-thunderbird	dlopen	libavcodec.so.62	ffmpeg	guess
mozilla-thunderbird	dlopen	libcanberra.so.0	libcanberra	guess
mozilla-thunderbird	dlopen	libcurl.so.4	aaa_libraries	guess
mozilla-thunderbird	dlopen	libdbusmenu-glib.so.4	libdbusmenu	guess
mozilla-thunderbird	dlopen	libdbusmenu-gtk3.so.4	libdbusmenu	guess
mozilla-thunderbird	dlopen	libdl.so.2	aaa_glibc-solibs	guess
mozilla-thunderbird	dlopen	libdrm.so.2	libdrm	guess
mozilla-thunderbird	dlopen	libfreeblpriv3.so	mozilla-nss	guess
mozilla-thunderbird	dlopen	libgbm.so.1	mesa	guess
mozilla-thunderbird	dlopen	libgssapi_krb5.so.2	aaa_libraries	guess
mozilla-thunderbird	dlopen	libmozavcodec.so	mozilla-firefox	guess
mozilla-thunderbird	dlopen	libnotify.so.4	libnotify	guess
mozilla-thunderbird	dlopen	libpci.so.3	pciutils	guess
mozilla-thunderbird	dlopen	libpipewire-0.3.so.0	pipewire	guess
mozilla-thunderbird	dlopen	libpthread.so.0	aaa_glibc-solibs	guess
mozilla-thunderbird	dlopen	libpulse.so.0	pulseaudio	guess
mozilla-thunderbird	dlopen	librt.so.1	aaa_glibc-solibs	guess
mozilla-thunderbird	dlopen	libsecret-1.so.0	libsecret	guess
mozilla-thunderbird	dlopen	libspeechd.so.2	speech-dispatcher	guess
mozilla-thunderbird	dlopen	libudev.so.1	aaa_libraries	guess
mozilla-thunderbird	dlopen	libva-drm.so.2	libva	guess
mozilla-thunderbird	dlopen	libva.so.2	libva	guess
mozilla-thunderbird	dlopen	libxul.so	mozilla-firefox	guess
mpfr	dlopen	libmpfr.so.6	aaa_libraries	guess
mutt	exec	/usr/bin/ispell	ispell	guess
mutt	exec	/usr/bin/sendmail	postfix	guess
ncurses	dlopen	libgpm.so.2	aaa_libraries	guess
ncurses	dlopen	libncurses++w.so.6	aaa_libraries	guess
netpbm	exec	/usr/bin/gs	ghostscript	guess
netwrite	exec	/usr/bin/write	util-linux	guess
nfs-utils	import	yaml	python-PyYAML	guess
nmap	import	cairo	pycairo	guess
nmap	import	gi	pygobject3	guess
nn	exec	/usr/bin/mailx	s-nail	guess
nodejs	build	gyp	gyp	guess
nodejs	import	packaging	python-packaging	guess
nvi	exec	/usr/bin/sendmail	postfix	guess
openal-soft	dlopen	libasound.so.2	aaa_libraries	guess
openal-soft	dlopen	libdbus-1.so.3	dbus	guess
openal-soft	dlopen	libpipewire-0.3.so.0	pipewire	guess
openal-soft	dlopen	libpulse.so.0	pulseaudio	guess
opencv	dlopen	libOpenCL.so.1	ocl-icd	guess
opencv	dlopen	libva.so.2	libva	guess
opencv	import	numpy	python-numpy	guess
opensc	dlopen	libpcsclite.so.1	pcsc-lite	guess
openssh	exec	/usr/bin/passwd	shadow	guess
openssh	exec	/usr/bin/xauth	xauth	guess
openssl-solibs	dlopen	libssl.so.3	openssl	guess
pam	exec	/usr/bin/xauth	xauth	guess
pidgin	import	dbus	dbus-python	guess
poke	exec	/usr/bin/objdump	binutils	guess
poppler	dlopen	libnssckbi.so	mozilla-nss	guess
popt	dlopen	libpopt.so.0	aaa_libraries	guess
procmail	exec	/usr/bin/sendmail	postfix	guess
protobuf	import	numpy	python-numpy	guess
pulseaudio	import	PyQt5	PyQt5_sip	guess
pulseaudio	import	dbus	dbus-python	guess
purpose5	dlopen	libphabricatorquickplugin.so	purpose	guess
purpose5	dlopen	librbpurposequickplugin.so	purpose	guess
pygobject3	import	cairo	pycairo	guess
pyparsing	import	jinja2	python-Jinja2	guess
python-Jinja2	import	markupsafe	python-MarkupSafe	guess
python-accessible-pygments	import	pygments	python-pygments	guess
python-alabaster	import	pygments	python-pygments	guess
python-appdirs	import	com	libwebp	guess
python-build	import	importlib_metadata	python-importlib_metadata	guess
python-build	import	packaging	python-packaging	guess
python-build	import	pyproject_hooks	python-pyproject-hooks	guess
python-cffi	import	pycparser	python-pycparser	guess
python-dnspython	import	idna	python-idna	guess
python-docutils	import	PIL	python-pillow	guess
python-docutils	import	pygments	python-pygments	guess
python-docutils	import	sphinx	python-sphinx	guess
python-doxypypy	import	chardet	python-chardet	guess
python-glad2	import	jinja2	python-Jinja2	guess
python-glad2	import	lxml	python-lxml	guess
python-hatch-fancy-pypi-readme	import	hatchling	python-hatchling	guess
python-hatch-vcs	import	hatchling	python-hatchling	guess
python-hatch-vcs	import	setuptools_scm	python-setuptools_scm	guess
python-hatchling	import	editables	python-editables	guess
python-hatchling	import	packaging	python-packaging	guess
python-hatchling	import	pathspec	python-pathspec	guess
python-hatchling	import	pluggy	python-pluggy	guess
python-hatchling	import	trove_classifiers	python-trove-classifiers	guess
python-html5lib	import	chardet	python-chardet	guess
python-html5lib	import	lxml	python-lxml	guess
python-html5lib	import	six	python-six	guess
python-html5lib	import	webencodings	python-webencodings	guess
python-importlib_metadata	import	zipp	python-zipp	guess
python-lxml	build	cython	Cython	guess
python-lxml	import	html5lib	python-html5lib	guess
python-markdown	import	importlib_metadata	python-importlib_metadata	guess
python-markdown	import	pygments	python-pygments	guess
python-markdown	import	yaml	python-PyYAML	guess
python-notify2	import	dbus	dbus-python	guess
python-numpy	build	Cython	Cython	guess
python-numpy	build	cython	Cython	guess
python-numpy	import	cffi	python-cffi	guess
python-numpy	import	charset_normalizer	python-charset-normalizer	guess
python-numpy	import	psutil	python-psutil	guess
python-numpy	import	yaml	python-PyYAML	guess
python-pbr	import	importlib_metadata	python-importlib_metadata	guess
python-pbr	import	packaging	python-packaging	guess
python-pbr	import	sphinx	python-sphinx	guess
python-pbr	import	wheel	python-wheel	guess
python-pillow	import	PyQt6	PyQt6_sip	guess
python-pillow	import	numpy	python-numpy	guess
python-pip	import	attr	python-attrs	guess
python-pip	import	docutils	python-docutils	guess
python-pip	import	sphinx	python-sphinx	guess
python-pygments	import	PIL	python-pillow	guess
python-pygments	import	chardet	python-chardet	guess
python-pygments	import	docutils	python-docutils	guess
python-pygments	import	sphinx	python-sphinx	guess
python-pyproject_metadata	import	packaging	python-packaging	guess
python-requests	import	certifi	python-certifi	guess
python-requests	import	chardet	python-chardet	guess
python-requests	import	charset_normalizer	python-charset-normalizer	guess
python-requests	import	idna	python-idna	guess
python-requests	import	urllib3	python-urllib3	guess
python-sane	import	PIL	python-pillow	guess
python-sane	import	numpy	python-numpy	guess
python-scikit-build-core	import	hatch_fancy_pypi_readme	python-hatch-fancy-pypi-readme	guess
python-scikit-build-core	import	hatchling	python-hatchling	guess
python-scikit-build-core	import	numpy	python-numpy	guess
python-scikit-build-core	import	packaging	python-packaging	guess
python-scikit-build-core	import	pathspec	python-pathspec	guess
python-scikit-build-core	import	pyproject_metadata	python-pyproject_metadata	guess
python-scikit-build-core	import	setuptools_scm	python-setuptools_scm	guess
python-setuptools	build	Cython	Cython	guess
python-setuptools	import	docutils	python-docutils	guess
python-setuptools	import	importlib_metadata	python-importlib_metadata	guess
python-setuptools	import	packaging	python-packaging	guess
python-setuptools	import	tomli_w	python-tomli-w	guess
python-setuptools	import	trove_classifiers	python-trove-classifiers	guess
python-setuptools	import	wheel	python-wheel	guess
python-setuptools	import	zipp	python-zipp	guess
python-setuptools_scm	import	vcs_versioning	python-vcs_versioning	guess
python-sphinx	import	PIL	python-pillow	guess
python-sphinx	import	babel	python-babel	guess
python-sphinx	import	docutils	python-docutils	guess
python-sphinx	import	imagesize	python-imagesize	guess
python-sphinx	import	jinja2	python-Jinja2	guess
python-sphinx	import	packaging	python-packaging	guess
python-sphinx	import	pygments	python-pygments	guess
python-sphinx	import	requests	python-requests	guess
python-sphinx	import	roman_numerals	python-roman-numerals	guess
python-sphinx	import	snowballstemmer	python-snowballstemmer	guess
python-sphinx	import	urllib3	python-urllib3	guess
python-sphinx_rtd_theme	import	sphinx	python-sphinx	guess
python-sphinx_rtd_theme	import	sphinxcontrib	python-sphinx	guess
python-trove-classifiers	import	importlib_metadata	python-importlib_metadata	guess
python-typogrify	import	jinja2	python-Jinja2	guess
python-typogrify	import	markupsafe	python-MarkupSafe	guess
python-typogrify	import	smartypants	python-smartypants	guess
python-urllib3	import	brotli	brotli	guess
python-urllib3	import	idna	python-idna	guess
python-vcs_versioning	import	packaging	python-packaging	guess
python-wheel	import	packaging	python-packaging	guess
python2	build	Cython	Cython	guess
python2	import	brotli	brotli	guess
python2	import	com	libwebp	guess
python2	import	docutils	python-docutils	guess
python2	import	google	protobuf	guess
python2	import	importlib_metadata	python-importlib_metadata	guess
python2	import	lxml	python-lxml	guess
python2	import	numpy	python-numpy	guess
python2	import	pygments	python-pygments	guess
python2	import	pyparsing	pyparsing	guess
python2	import	urllib3	python-urllib3	guess
python2	import	wheel	python-wheel	guess
python2	import	zipp	python-zipp	guess
python3	import	numpy	python-numpy	guess
python3	import	psutil	python-psutil	guess
qemu	exec	/usr/bin/smbd	samba	guess
qt5	dlopen	libnssckbi.so	mozilla-nss	guess
qt6	dlopen	libGL.so.1	libglvnd	guess
qt6	dlopen	libadwaita.so	gnome-themes-extra	guess
qt6	dlopen	libnssckbi.so	mozilla-nss	guess
qt6	dlopen	libpci.so.3	pciutils	guess
qt6	dlopen	libvulkan.so.1	vulkan-sdk	guess
qt6	dlopen	libvulkan_intel.so	mesa	guess
qt6	dlopen	libvulkan_radeon.so	mesa	guess
qt6	dlopen	libxcb-present.so.0	libxcb	guess
rcs	exec	/usr/bin/diff	diffutils	guess
rcs	exec	/usr/bin/diff3	diffutils	guess
rdist	exec	/usr/bin/rsh	netkit-rsh	guess
rdist	exec	/usr/bin/sendmail	postfix	guess
rp-pppoe	exec	/usr/bin/pppd	ppp	guess
rust	import	lldb	llvm	guess
s-nail	exec	/usr/bin/sendmail	postfix	guess
samba	import	dns	python-dnspython	guess
samba	import	markdown	python-markdown	guess
samba	import	requests	python-requests	guess
scons	import	importlib_metadata	python-importlib_metadata	guess
scons	import	libxml2	libxml2	guess
scons	import	libxslt	libxslt	guess
scons	import	lxml	python-lxml	guess
scons	import	psutil	python-psutil	guess
sdl	dlopen	libGL.so.1	libglvnd	guess
sdl	dlopen	libasound.so.2	aaa_libraries	guess
sdl	dlopen	libfluidsynth.so.3	fluidsynth	guess
sdl	dlopen	libpulse-simple.so.0	pulseaudio	guess
sdl	dlopen	libwebp.so.7	libwebp	guess
seamonkey	dlopen	libEGL.so.1	libglvnd	guess
seamonkey	dlopen	libGLESv2.so.2	libglvnd	guess
seamonkey	dlopen	libICE.so.6	libICE	guess
seamonkey	dlopen	libSM.so.6	libSM	guess
seamonkey	dlopen	libXss.so.1	libXScrnSaver	guess
seamonkey	dlopen	libatk-bridge-2.0.so.0	at-spi2-core	guess
seamonkey	dlopen	libcanberra.so.0	libcanberra	guess
seamonkey	dlopen	libcups.so.2	aaa_libraries	guess
seamonkey	dlopen	libgssapi_krb5.so.2	aaa_libraries	guess
seamonkey	dlopen	libmozavcodec.so	mozilla-firefox	guess
seamonkey	dlopen	libnotify.so.4	libnotify	guess
seamonkey	dlopen	libnssckbi.so	mozilla-nss	guess
seamonkey	dlopen	libpulse.so.0	pulseaudio	guess
seamonkey	dlopen	libspeechd.so.2	speech-dispatcher	guess
seamonkey	dlopen	libudev.so.1	aaa_libraries	guess
shadow	exec	/usr/bin/nscd	glibc	guess
sip	import	packaging	python-packaging	guess
slang1	dlopen	libslang.so.1	aaa_libraries	guess
speech-dispatcher	import	xdg	pyxdg	guess
spice	exec	/usr/bin/gstack	gdb	guess
squashfs-tools	exec	/usr/bin/less	less	guess
sudo	exec	/usr/bin/sendmail	postfix	guess
svgalib	dlopen	libvgagl.so.1	aaa_libraries	guess
system-config-printer	import	dbus	dbus-python	guess
system-config-printer	import	gi	pygobject3	guess
tar	exec	/usr/bin/rsh	netkit-rsh	guess
tin	exec	/usr/bin/gpg	gnupg2	guess
tin	exec	/usr/bin/ispell	ispell	guess
tin	exec	/usr/bin/lpr	cups	guess
tin	exec	/usr/bin/sendmail	postfix	guess
udisks2	dlopen	libbd_lvm.so.3	libblockdev	guess
upower	import	dbus	dbus-python	guess
upower	import	gi	pygobject3	guess
upower	import	packaging	python-packaging	guess
util-linux	exec	/usr/bin/ntpdate	ntp	guess
valgrind	dlopen	ld-linux-x86-64.so.2	aaa_glibc-solibs	guess
valgrind	dlopen	ld-linux.so.2	aaa_glibc-solibs	guess
valgrind	dlopen	libpthread.so.0	aaa_glibc-solibs	guess
vim	dlopen	libpython3.12.so.1.0	python3	guess
vim	dlopen	libruby.so.4.0	ruby	guess
vim-gvim	dlopen	libpython3.12.so.1.0	python3	guess
vim-gvim	dlopen	libruby.so.4.0	ruby	guess
wlroots	exec	/usr/bin/Xwayland	xorg-server-xwayland	guess
xdm	exec	/usr/bin/xrdb	xrdb	guess
xdm	exec	/usr/bin/xterm	xterm	guess
xfce4-screensaver	import	gi	pygobject3	guess
xfce4-session	exec	/usr/bin/iceauth	iceauth	guess
xfsdump	exec	/usr/bin/rsh	netkit-rsh	guess
xfsprogs	import	dbus	dbus-python	guess
xrdb	exec	/usr/bin/cpp	gcc	guess
xsm	exec	/usr/bin/ssh	openssh	guess
xterm	exec	/usr/bin/luit	luit	guess
zlib	dlopen	libz.so.1	aaa_libraries	guess
curl	use	/etc/ssl/certs	ca-certificates	manual
git	use	/etc/ssl/certs	ca-certificates	manual
openssl	use	/etc/ssl/certs	ca-certificates	manual
wget	use	/etc/ssl/certs	ca-certificates	manual
